id,language,raw_asr_text,final_asr_text,asr_char_similarity,asr_word_f1
Ju9ONXG-KdA_c0018_s000,en-IN,"English is not only about learning grammar, walkabulari or watching random videos on YouTube, if you are doing that then let me tell you are doing a wrong thing. English is the game of mindset plus skill set. Now what is the mindset? The theme of our today's talk, courage to begin, because courage is always important and then content yes or no all of you. You have to create that mindset.","English is not only about learning grammar, vocabulary or watching random videos on YouTube. If you are doing that, then let me tell you you are doing a wrong thing. English is the game of mindset plus skill set. Now what is the mindset? The theme of our today's talk. Courage to begin. Because courage is always important then content. Yes or no, all of you. You have to create that mindset.",0.11826544021024968,0.9726027397260274
SAc_Z4qAs3E_c0007_s000,en-IN,"are instructed to hold me in a crisp tone. Sanayaji, yabim, mahi-launkili, alakse training, naihoti, meaning that I have to do every single bit of activity which my other male colleagues have to do. We'll fair enough and so in began, rumbling down his writing horses, handling guns, lobbying grenades, But by God it was not easy.","are instructor told me in a crisp tone. Sanialji, yabe, mahi lakili, alakse training, naihoti. Meaning that I have to do every single bit of activity which my other male colleagues have to do. We'll fair enough and so in began. Rapping down his writing horses, handling guns, Lobbing grenades, but by God it was not easy.",0.6549520766773163,0.8717948717948718
sKvMxZ284AA_c0014_s001,en-IN,"Well, the first day of my college was the worst day of my college to be frank because what happened when I entered the college, there was chemistry lab that was going on. I entered the class and my mom was taking lab, she asked me, okay, you go and do titration. titration. In my face, there was no lab. I do not know the meaning of titration in Hindi. So I was standing there, blank. Again, I looked at mom. She'll me go there and pick up the test tube.","Well, the first day of my college was the worst day of my college to be frank because what happened when I entered the college, there was chemistry lab that was going on. I entered the class and my mom was taking lab, she asked me, okay, you go into titration. titration. In my face, there was no lab. I do not know the meaning of titration in Hindi. So I was standing there, black. Again, I looked at mom. See I'll go there and pick up the test tube.",0.6277205040091638,0.9508196721311475
kcW4ABcY3zI_c0005_s000,en-IN,"So we need to get Master Craftsman invited, why is it with a country at 1.2 billion people that we should have a nationwide shortage of missions, of plumbers, of certified licrissions. We need to get more vocational training into the system. We're doing that. We're now rolling out the whole concept of community colleges so that kids can go in.","So we need to get Master Craftsman and why is it with a country at 1.2 billion people that we should have a nationwide shortage of missions, of plumbers, of certified licrissions. We need to get more vocational training into the system. We're doing that. We're now rolling out the whole concept of community colleges so that kids can go in.",0.20833333333333334,0.984375
dpbp_9Q7Zl3OI4us_c0034_s001,en-IN,"Isn't that what we are extra on kids in an education system which is actively holding them at bay? Because I don't know about you. I would like to live in a future, a future where I walk into a class and ask them, So how many of you work up to day morning and decided to learn something new? And instead of five hands going up, I'd like to have at least six hands going up. Thank you.","Isn't that what we are trying to get in an education system which is actively holding them at bay? Because I don't know about you. I would like to live in a future. A future that I walk into a class and ask them, So how many of you work up to day morning and decided to learn something new? And instead of five hands going up, I'd like to have at least six hands going up. Thank you.",0.07723035952063914,0.9512195121951219
Ju9ONXG-KdA_c0013_s002,en-IN,"So, I joined him in his institute, I started to work part-time and in that period around about 5 to 6 years, I have read a lot of books. I have read more than 50 plus autobiographies, I have read many self-help books and I have thought all the standard of students. For 2nd 3rd 4th 5th 6th 7th 8th 9th and 11th 12th science busy everything. Okay. And...","So, I joined him in his institute. I started to work part-time. And in that period around about five to six years, I have read a lot of books. I have read more than 50 plus autobiographies. I have read many self-help books. And I have taught all the standard of students. For second, third, fourth, fifth, sixth, seven, eight, nine, ten, eleven, twelve, science, busy, everything. Okay.",0.7943262411347518,0.7943262411347518
DafERYOvxEw_c0028_s000,hi-IN,"یا اپنی گھرٹی آسپس ٹین چار گری دچھوں کی پڑھائی کے خرچہ ہوتھا لی جیے اُن سے ہفتے میں بر مزگے رہی ہے اور آپ پائیں گے آپ کے چہرے پر پہلے سے جا چمکہ نیشورو بھی ہے اور آپ کو کمپیڈیشان پرشانی وہ جنفرط کا مال دن بروطہ ہے اس کو ہرادوں, اس کو ہرادوں اس سے مقلی ملنے لگی ہے اور آپ انڈرسک بہتر انسان بنڈے کے پر ہوتس میں آ رہے","یا اپنی گھرٹی آسپس ٹین چار گری دچھوں کی پڑھائی کے خرچہ ہوتھا لی جی اُن سے ہفتے میں بر مزگے رہی ہے اور آپ پائیں گے آپ کے چہرے پر پہلے سے جا چمکہ نی شروع ہوئی ہے اور آپ کو کمپیڈیشان پرشانی وہ جنفرط کا مال دن بروطہ ہے اس کو ہرادوں, اس کو ہرادوں اس سے مقلی ملنے لگی ہے اور آپ انڈرسک بہتر انسان بنڈے کے پر نوصہ میں آ رہے",0.49122807017543857,0.9403973509933775
a7TJzv_1icU_c0032_s005,hi-IN,"آپ آپ جیر آپ بتایے 5 لیٹر کا گیلم دیکھیں ایتنا بڑا ہوتا ہے احملوں کا بلٹ احملوں کا سوچھ رہا جو اور ہوت ہوتا ہے اور کب کے براپورتنا چھوتا آپ کے منم میں کس بڑھا ہی ہوتا ہے جو ایتچوی بوتلوہ میں 300 گرام کا ہوتا ہے 300 گرام میں زو جہ 5,000 گرام یعنی 5,000 امیل یعنی 5 لیٹر کچھ ہا ہا ہا ہا ہا ہا ہا ہا تو رہوں نمبر ہے ایک لو کنو پھر کی لرہا ہے میں پھر کی نہیں لرہا ہے سما جیدھان سے کئی سی ہوتا ہے ایک دن باری کی سے سما جیدھا","آپ آپ جرا بتائیے 5 L کا گیلم دیکھیں ایتنا بڑا ہوتا ہے احملوں کا بلٹ احملوں کا سوچھ رہا جو اور ہوت ہوتا ہے اور کب کے براپر ابرتنا چھوتا آپ کے منم میں کس بل نہیں ہوتا ہے جو ایتچوی بوتلوہ میں 300 gm کا ہوتا ہے ہوتا ہے 300 gm میں زجا 5,000 gm یعنی 5,000 ml یعنی 5 L کچھ لیٹر کچھ شہاہ دیا تو رہوں نمبر ہے کلکوں نے پھر کی لرہا ہے نے پھر کی نہیں لرہا ہے سما جیدھان سے کوئی سی ہوتا ہے ایک دن باری کی سے سما جیدھا",0.24301336573511542,0.7647058823529411
DafERYOvxEw_c0026_s000,hi-IN,اس نے بہی پہلے گذاری شامسپ سے یہ ہے کسی یہ ہوتے گر کچھ ایسا کریٹیو شاک پانلیزی ہے کدھیں میں ایک گھنٹا مصی سے گذارسا کیا ہوں اس میں وہ کچھ بھی وہ فیلم دیکھنی سے لیکن کویتا لیکنے تک پینٹین کرنے تک کچھ بھی وہ گانا ہوگانا سیگھے سیگھیں اسم برمے سیگھے تبلا بجانا سیگھے ہرمونیم سیگھے گیٹار سیگھے کچھ ایسا جو کرتے ویٹھ دو بجانے کا منکری,اس نے بہیری گذاری شامسپ سے یہ ہے کسی یہ ہوتے ہوگر کچھ ایسا کرییٹیو شاک پانلیزی ہے کدھیں میں این گھنٹا مصی سے گذارسا کیوں اس میں وہ کچھ بھی ہو فیلم دیکھنی سے لیکھ کر کویتا لیکھنے تک پینٹین کرنے تک کچھ بھی ہو گانا ہو گانا سیھ سینگ سیھے اسم برمے سیھے تبلا بجانا سیھے ہرمونیم سیھے گیٹار سیھے کچھ ایسا جو کربل و دوب جانے کا منکری,0.08588957055214724,0.6808510638297872
jV4Pzz0Wz0Y_c0037_s001,hi-IN,"جو طارکیک ویکٹھی ہوگا چھاہی و آستیکھو, چھاہی ناستیکھو وہ یہ مان کے جلے گا کہ انت میں کچھ اور سابیت ہوزک پہ ہے اور ایک تو نا عپن میندھ ہوگا کہ کچھ اور سابیت ہوگا تو مان لیں گے تبتا کس فشفاؤسے سچر لیں کوئی بھڑای دئی","יש Kapri Saving Changeraudience is his final proof. He shows his wealth and strength to refine this information. Whether this is the investors of EyforS olvidation, if my fortune is fixed, its time will現在假期 transfers. In this case what we offer is but if it continues,",0.0,0.0
a7TJzv_1icU_c0032_s003,hi-IN,"سنگایاں پلکوں, اگر آپ بناوٹ کی ہی ساتھ سے دیکھیں گا نا, تو ہوت کا نیچلہ بھاگ نوکیلہ ہے اور اوپری بھاگ سپاٹ ہے تو برابہر جو سپاٹ ہیسٹہ ہوتا ہیسے ہوں کہتے بیس یعنی آدھا تو ہوت کا جو اوپر کا بھاکھیں ہوں اس کو ہم بیس کہتے ہیں","سنگایاں پلکوں, اگر آپ بناوٹ کی ہی ساتھ سے دیکھیں گا نا, تو ہوت کا نیچلہ بھاگ نوکیلہ ہے اور اوپری بھاگ سپاٹ ہے تو برابہر جو سپاٹ ہیسر ہوتا ہیسے ہوں کہتے بیس یعنی آدھا تو ہوت کا جو اپر کا بھاکھیں اس کو بیس کہتے",0.8329411764705882,0.9278350515463918
jV4Pzz0Wz0Y_c0028_s002,hi-IN,"ایسے لوگ بھی, آپ ان کو illogical не کہتے ہیں تو illogical wakti ھئیسا نہیں ہوتا کہ ریدکل ایثیست ہوگا یا ریدکل ایثیست ہوگا بیچ کی بہت سے ہوںزکتی ہیں اگنوستیسیزم مجھے لگتے ہیں ایسر پسے چھے چھے چھے چھے چھے پریکٹیکل اور صفٹ شیزم جو میں آپ کو بتایں انوں کا","ایسے لوگ بھی, آپ ان کو illogical не کہتے ہیں تو illogical wakti ھئیسا نہیں ہوتا کہ ریدکل ایثیست ہوگا یا ریدکل ایثیست ہوگا بیچ کی بہت سے ہوںزکتی ہیں اگنوستیسیزم مجھے لگتے ہیں ایسرپسیچھے سے تھی ہیں پریکٹیکل اور صفٹ شیزم جو میں آپ کو بتائیں انوں کا",0.8906882591093117,0.8712871287128713
a7TJzv_1icU_c0027_s000,hi-IN,اس کے بعد کونسа والp ourk our karega یہ والa اسے کونسа کرتے ہیں dyei kospitwalm تھی ہوگیا dyei kospitwalm کہا گیا the baya left ventricles baya nile یہ pump karega تو کونسے والp kopar karega erotic valve erotic materna کیا تا مہا دھم نہیں اس کے vakar karega یہ erota any maha dhم نہیں maha dhem ni se puri sari mi philia تو یہ آپ کے hod ka pura enotomy hobiya,اس کے بعد کون Sa walp par kare ga yaywa wala اسے کون Sa kata en dai kaaspid walp tya wga day kaaspid walp kaha ga da baya left ventricals baya nele yye pump kare ga tu kone sa walp ko par kare ga erotik wala erotik wala ka tab maha dhamini اس کے vaka gaya yye erota yye mi maha dhamini maha dhamini se pure siri mi laure tye wue vaap ki hot ka pure enotomi hobi a,0.1772853185595568,0.2119205298013245
pyVLK891zrE_c0042_s001,hi-IN,بھاد کے پر வصواص் تو ہمہ ہمیں ہمیں ہمیں ہمیں پریவے سے ملا ہے لیکن میں مانتا ہوں کہ آپ میں سے کئی لوگوں کو دنیا کہتی ہوگی یا آپ کا ہی جو تیس کہتا ہوگا کہ آپ کے بھاد کے میں کچھ نہیں ہے تو میں نے آپ نے اپنیاس آوگھر میں پنگتی لکھی ہے اس کو میں آپ کے ساتھ ساجہ کر کے اس بات کو ختم کرنا چاہوں گا کہ ابھاگہ,بھاد کے پر வیسواز تو ہمہ ہمیں ہمیں ہمارے پریویس سے ملا ہے لیکن میں مانتا ہوں کہ آپ سے کئی لوگوں کو دنیا کہتی ہوگی یا آپ کا ہی جو تیس کہتا ہوگا کہ آپ کے بھاد کے میں کچھ نہیں ہے تو میں نے آپ نے اپنیاس آوگر میں پنگتی لکھی ہے اس کو میں آپ کے ساتھ ساجہ کر کے اس بات کو ختم کرنا چاہوں گا کہ ابھاگا,0.7470288624787776,0.9178082191780821
a7TJzv_1icU_c0027_s001,hi-IN,滑abh значی ہے Heart ke Chamber ke tine 2 Dahin This veteran alint Dahinanilai Baya alint bayaanilai Chamber hoge 4,ऐखाप हशाछी है क। आद के नहीं नहीं नहीं है چین بھر ہوگے چھاپ,0.06976744186046512,0.0
dpbp_jV4Pzz0Wz0Y_c0020_s000,hi-IN,ایک بہت پسید دویکگیانک تھا آپ تو سائنس کی بیگوں کے بیگتی ہیں شہید بلے سپارسکل آپ نے نمس نہ ہوگا جس کے نمپے پرسشر کی یونٹ آپ کو پڑھتے ہیں گی ہے فیجگس میں اسی پاسکل کے بتکر 17 سنٹری فرسک کیا بیگےانک تھا پاسکل کے سامنے بھی ایک دو بھی سوھی پاسکل میثمیٹیشن بیٹھا فیجگسٹ بیٹھا اور ایک دھارمیٹ بیٹھا بھیٹھا,ایک بہت پسید کے بیک جانیک تھا آپ تو سائیس کی بیگوں کے بیکٹی ہیں شہید بلس پاسکل آپ نے نامسوں نہ ہوگا جس کے نام پر اشراکی اینت آپ کو پڑھتے ہیں گیے فیجیکس میں اسی پاسکل کے بات کر 17 سنچری فرسکل کے بیک جانیک تھا پاسکل کے سامنے بھی ایک دو بھیسا ہی پاسکل میثمیٹی شن بھی تھا فیزیست بھی تھا اور ایک دھارمیٹ بیٹھتی بھی تھا,0.1503267973856209,0.5714285714285714
pyVLK891zrE_c0041_s000,hi-IN,khusibhe se baanatilakta baam patatilakta 1 janabari kuh nikal jaayet lakta jha bhagbhan yudhog jagriyut chhada hua hai roodh par kuh jhaa utsav hidna aarajak hai waha par dhair ke saath apne lakch ko saath de huaage baana ye thoda kathin kanto hai khaskar ke hamari pili ke liye lakta hai ki hamari pili ko apne aap par varosa aur dhu sarabad ki,khusibhe se baanatilakta baam patatilakta 1 janwari kuh nikal jaayet lakta jhagbaan yudhog jagriyut chhada huaayarod paar so jaha utsav hidna aarajak hai waha par dhair ke saat apne lakch ko saadhe huaayage baana ye thoda kathin kanto hai khaskar ke hamari pili ke liye lakta hai ki hamari pili ko apne aapar varosa aur dhusra baad ki,0.7823529411764706,0.7603305785123967
a7TJzv_1icU_c0019_s005,hi-IN,اور لنگس میں یہ بلٹ جا کے ساف ہوگا کیسے ساف ہوگا اس میں اکسیجن ملا دیگے جائے گے جیسے اکسیجن ملا گیا وہ بلٹ ریڈ کلور کا ہو جائے گا ریڈی سو جاتا ہے اب وہ فھرہ میں سے آئے گا باپس اس راستے سے ایدار سے آئے گا بلٹ تو اس میں تو اکسیجن ملا ہے تو اس کو مریڈ کلور سے دیگھایں گے,اور لنگس میں یہ بلٹ جا کے ساف ہوگا کیسے ساف ہوگا اس میں اکسیجن ملا دیگے جہے جیسے اکسیجن ملایں گے وہ بلٹ ریڈ کلور کا ہو جہے گا ریڈی سو جاتا ہے اب وہ فھرہ میں سے آئے گا باپس اس راستے سے ایدر سے آئے گا بلٹ تو اس میں تو اکسیجن ملا ہے اس کو مریڈ کلور سے دیکھائیں گے,0.8690702087286527,0.9076923076923077
dpbp_pyVLK891zrE_c0035_s000,hi-IN,khosya hai. khosya hai. khosya hai. Khosya hai. Khosya hai. Khosya hai. Khosya hai. Khosya hai. Khosya hai. Khosya hai. Khosya hai. Khosya hai. Khosya hai. Khosya hai. Khosya hai. Khosya hai. Khosya hai. Khosya hai. Khosya hai. Khosya hai. Khosya hai. Khosya hai. Khosya hai. Khosya hai. Khosya hai. Khosya hai. Khosya hai. Khosya hai. Khosya hai. Khosya hai. Khosya hai. Khosya hai. Khosya hai. Khosya hai. Khosya hai. Khosya hai. Khosya hai. Khosya hai. Khosya hai. Khosya hai. Khosya hai. Khosya hai. Khosya hai. Khosya hai. Khosya,ھوสักھ ہوج میں میں نے ھوสักھ دان ھو دہ ہو ھو سے میٹی نہیں کر لیا ھوสักھ تھا لیکن میں نے اس ایریہ کو خوجن میں 10 سال لگایا تھا تو اتنا بھی بنجر نہیں ہو ھوสักھ تھا کہ میں اس میں اگر پھا بڑا ماروں تو کوئی فہصان نہ ہو گے Arwa Uga,0.008391608391608392,0.0
a7TJzv_1icU_c0019_s002,hi-IN,جو ہیڑھے میں بلٹ ہوتا ہے وہ کیا سیاتا ہے تو دیکھئے سریری سے جو بلٹ لیاتا ہے ہی نہ کوا یعنی سیرا لے کیا ہوتا ہے اس بلٹ میں اکسیجن نہیں ہوتا ہے جیس بلٹ میں اکسیجن نہیں ہوتا ہے اسے ہم لو بلو کلار سے دیکھاتے ہیں میلے رنگ سے تو چلیہم میلے رنگ کے مارکر کا پریوب کر رہے ایدھر سے بلٹ آیا ایدھر سے بلٹ آیا اب آپ بتایای اس BLUD کو جانیکہ کیولے کئی رفتا کی here سے BLUD آجہے گے اس میں,جو ہیڑھے میں بلٹ ہوتا ہے وہ کیسے آتا ہے تو دیکھئے سریری سے جو بلٹ لیاتا ہے ہی نہ کوا یعنی سیرا لیکی آتا ہے اس بلٹ میں آکسیجہ نہیں ہوتا ہے جیس بلٹ میں آکسیجہ نہیں ہوتا ہے اسے ہم لو بلو کلار سے دیکھاتے ہیں نیلے رنگ سے تو چلیہم نیلے رنگ کے مارکر کا پریوک کر رہے ایدھر سے بلٹ آیا ایدھر سے بلٹ آیا اب آپ بتا یہ اس بلٹ کو جانے کا کیوالے کئی راستا کی here रूत़ाँ ऐखायाे का अस्में,0.6818791946308724,0.7657142857142857
dpbp_jV4Pzz0Wz0Y_c0025_s000,hi-IN,نہیں ہے اور مانلیا تو کو نفسان کے بعد نہیں ہے تو کسٹ بنیفٹ انڈیلیسیز میں ایشفر کو ماننا ویتر بات ہے تو مانلیت ہیں اس کے مانا,نہیں ہے اور مانلیا تو کو نفسان کے بعد نہیں ہے تو کسٹ بنیفٹ انڈیلیسیز میں ایشفر کو ماننا ویتر بات ہے تو مانلیا تو اسے مانا,0.963265306122449,0.8727272727272727
dpbp_pyVLK891zrE_c0031_s000,hi-IN,اس کے بعد جمہ نے یہی بات بھسپیسپک پڑھڑالی تو ایک وقتی نے ایک لڑکیں نے میری امرکہ مزیج کیا کہ ایک واکہ آپ مجھے کتاب پڑھنے گوڑی جی تو میں نے کہا کہ آپ چھپیں گا کہ ہم پبڑیسر بننا چاہتے,بھس کے بعد جب میں یہی بات پسپھسپک پڑڑڈالی تو ایک وقتی نے ایک لڑکے نے میری امریکہ مجھے میسج کیا segue de bhe mge kitao ta p προenknu gudhi ge ve mi mgan Measure mge khaa는 fis,0.5310734463276836,0.35
a7TJzv_1icU_c0029_s001,hi-IN,מائو قادیم. بیچ کی ان مانспейسیوں کو ہم لو کیا کرتے ہیں? מائو قادیم. اور מائو قادیم آئی بیچ کا ہیسا ہے یہ جو دونوں بھاک کو اللہ کرتا ہے تو اللہ کرنے کے لئے ایک طرح کہیت یہ ہاد کو دو بھاگوں میں سپریٹ کر دیتا ہے اس لئے اسے ہم لو کیا کر دیتے ہیں سپتم کر دیتے ہیں یہ دو بھاگ میں باک دیتے ہیں ابہ اس بیچ میں لیکن کیا کر دیتے ہیں قادییک سپتم قادییک سپتم سپرٹ کر دے تھا اس نے یہ سے کیا کہتے سپٹم کہتے ہیں یہ سپرٹ کر دیادو بھان میں,MIO CARDIM. BHKIN MAN SPACION. کو ہم لو کیا کرتے ہیں? MIO CARDIM. اور MIO CARDIM. آئی BHKIN. کیا ہصہ ہے? یہ جو دونوں بھاکہ اللہ کرتا ہے. تو اللہ کرنے کے لئے ایک طرح کا کہیے تو یہ ہاد کو دو بھاگوں میں SEPR��یٹ کر دیتا ہے. اس لیے اسے ہم لو کیا کر دے SEFTAM. یہ دو بھاگ میں باک دیتا ہے. اپا اس BHKIN. کیا کر دیتا ہے? CADY EXCEPTAM. کادییک سپطم سپریٹ کر دیا تھا اسھی کے کیا کہتے سپطم کہتے ہیں تو یہ سپریٹ کر دیا دو بھان میں,0.02912621359223301,0.5948717948717949
jV4Pzz0Wz0Y_c0032_s000,hi-IN,پھر جا ہر آرگومنت کی بات کریں گے تو اس کو بچانہ بڑا مشکل ہوئے تھا بہا ہAPR کیوں کہ اس نے ایک دفیقل تارگومنت سے کس سگونا ایشفر کو بچانہ بڑا مشکل ہے اور لگھوں سبیدھر موم میں ایشفر سگونا ہے,"پر ج Almost, guess what is the reason the argument takes place wound louder or bigger than the figure of the body because of some huge argument that n pr and this the hospital which itself is a",0.164021164021164,0.0
DafERYOvxEw_c0025_s003,hi-IN,اور just نے نے creativity ko hi mardiyar Sir mordat machine salka hai ka insan,و جس نے نے கிریٹیویلی کو ہی ماردیا صرف وہ بادمشن سلکا ہے کہ انسان,0.26573426573426573,0.12903225806451615
DafERYOvxEw_c0034_s000,hi-IN,انسان کو انسان بنے رہے ہیں کہ یہ کم سے کم دو دین ایسے رشتے چاہی ہوتی جا وہ پوری طرح سے صحاج بھو کر نہےسے کہ جا وہ اس کو پڑا نہ لگا نہ پڑے,انسان کو انسان بنے رہے ہیں کہ یہ کم سے کم دو دین ایسے رشتے چای ہوتیں جہا وہ پوری طرح سے صحاج بھو کر نہےسے کہ جہاں اس کو پڑا نہ لگا نہ پڑے,0.9708029197080292,0.8732394366197184
dpbp_jV4Pzz0Wz0Y_c0007_s000,hi-IN,جو کہتا کہ نہیں ہے اس کے اوپر دو بڑھر اور پروف نہیں آنا سے ہے مسلن اگر میں آپ سے کہوں کی آپ کی اور میرے بھیج میں λال پرکاش کی رہے ہیں کی آپ کو دیکھ رہے ہیں آپ کہیں گے نہیں دیکھ رہے ہیں اور اگر میں کہوں کی مجھے دیکھ رہے ہیں,جو کہتا کہ نہیں ہوں اس کے اوپر دبڑھن اور پروف نہیں ہا نا سے یہ مسلم اگر میں آپ سے کہوں کی آپ کی اور میرے بیچ میں λال پرکاش کی رہے ہیں کی آپ کو دیکھ رہی ہے آپ کا نہیں دیکھ رہی ہے اور اگر میں کہوں کی مجھے دیکھ رہی ہے,0.3623853211009174,0.7747747747747747
a7TJzv_1icU_c0023_s010,hi-IN,"بایا,الند, دوسرا ہو گیا, بایا, نہیں لیتین ہو گیا, تیکی در سے بھی ہو گیاں, اس سے آنے کا, پیانا دیکی دیام سے, اور اگر باہری ناس کو بھی لیجے گا, تو چاکھ توی در ہو جائے گا, چاکھ توی در ہو جائے گا, تو دھیڑے دھیڑے ہمسان کیا بلھا رہا ہے, پیلے آپ کو چاکھ چیمبر بطائیں, پھر چھے راستے بطائیں, اب آتھ راستا دیکیے, پیلے راستا, محا سیرا. یہاں سے بلد ہے. محا سیرا پہلا. داہینا اللیند دوسرا.","بایا,الند, دوسرا ہو گیا, بایا,نی,لی,تین ہو گیا,تے کی در سے بھی ہو گیاں,یسا آنے کا, پییاں دیکھیں دیم سے, اور اگر باہری ناس کو بھی لیجے گیا,تا چاکھ توی در ہو جائے گیاں,تا دھی رہا ہمسان کیا بلہا رہا ہے, پہلے آپ کو چاکھ چیمبر بتایں, پھر چھے راسھتے بتایں, اب آتھ راسھتا دیکھیاں, پہلا راسھتا, مہا سیراہ, یا سے بلٹ ہے, مہا سیراہ, پہلاہ, Dahina Alind Dusra",0.30346820809248554,0.5477707006369427
jV4Pzz0Wz0Y_c0034_s000,hi-IN,"نرگوں نے ایشفر لوجی کلی کنسستنٹ, اسو خارج کرنا بڑا بشکلی کیونکی, آپ کوش بطائیں نہیں رہا اسکم ہے کیا ہے, نیتی نیتی کہیں کہیں کہ وہ ایسا بھی نہیں ہے بیسا بھی نہیں ہے, آپ کوش بطائیں نہیں تو فنزیں گے ایکن آپ نیتی نیتی کے ماتجم سے آپ اس کو انڈسکری بےبل بطارے ہیں","نرگوں نے ایشفر لوجی کلی کنسستنٹ, اسو خارج کرنا بڑا بشکلی کیونکی, آپ کوش بطائیں نہیں رہسک میں کیا ہے? نیتی نیتی کہیں کہ وہ ایسا بھی نہیں ہے, بیسا بھی نہیں ہے آپ کوش بطائیں نہیں تو فنزیں گے ایکن آپ نیتی نیتی کے ماتجم سے آپ اس کو انڈسکری بےبل بطارے ہیں",0.8955823293172691,0.9454545454545454
pyVLK891zrE_c0016_s000,hi-IN,آپ کو اپنا مولد ہوننا یہی اصل میں جیبان کی یاترا ہے میں کس کام کے لیے بنا تھا یا میں کس کام میں دکچھ ہو سکتا ہوں میں کس سے تطتو ہوگے نا جو مجھے پریریت کریں گے اور مجھے اس کام کے لیے حنارمن دبانا دیں گے یک میں نہیں مانتا ہوں کی پر تیبھا کوئی جنمجات,آپ کو اپنا مولد ہوننا یہی اصل میں جیبان کی یاترا ہے میں کس کام کے لیے بنا تھا یا میں کس کام میں دکچھ ہو سکتا ہوں میں کس سے تطتو ہوگے نا جو مجھے پریریت کریں اور مجھے اس کام کے لیے حنارمن دبانا دیں گے اگه میں نہیں مانتا ہوں کی پرٹی بھا کوئی جنمجات,0.7154471544715447,0.94017094017094
pyVLK891zrE_c0037_s000,hi-IN,میں یہی ماانتا ہوں کہ جزدیناپ نے اپنا مول دھون لیا اس دیناپ کے لئے راست آسان ہو سکتا ہے اور دوسری بات سنگرس کو کافی وکٹیموں کے مطیکھیئے آپ کا منزج جتنا بیرات ہوگا باست,میں یہی ماانتا ہوں کہ جزدین آپ نے اپنا مول دھون لیا اس دین آپ کے لئے راست آسان ہو سکتا ہے اور دوسری بات سنگرس کو کافی وکٹیموں کے مطیکھی آپ کا منزج جتنا بیرات ہوگا باوس,0.9700598802395209,0.8648648648648649
a7TJzv_1icU_c0031_s002,hi-IN,پیس میں کر کہاں لگایا جتا ہے تو یہ داہی نہ ہے داہی نہ اوپر کہیں سے ہے تو اولیت داہی نہ اولی نہیں رائٹ اٹریم پر لگایا جتا ہے پیس میں کر مصین اپریشن کر کے ہوت کی اپریشن کو ہم بیپاس سرجری کرتے ہیں بیپاس سرجری اور ایک ٹیشٹ ہوتا ہے ہوت کے لیے دو ٹیشٹ یاد رکھی گیا ٹرید مائل ٹیشٹ اور ایک ایسی جی ایسی جی بھی بتا دیں گے tautraid mal taste ho tauta hai sanya,پیس میں کر کہاں لگایا جتا ہے تو یہ دہینہ ایسا ہے تو ایلد دہینہ ایلین یعنی رائٹ ایٹریم پیل لگایا جتا ہے پیس میں کر مصین اپریشن کر کے ہوت کے اپریشن کو ہم بیپا سرجری کرتے ہیں بیپا سرجری اور ایک ٹیشٹ ہوتا ہے ہوت کے لیے دو ٹیشٹ یاد رکھی گیا ٹرید مائل ٹیشٹ اور ایک ایسی جی ایسی جی بھی بتا دیں گے To trade my taste ho tchao sa na,0.7946428571428571,0.7435897435897435
jV4Pzz0Wz0Y_c0026_s001,hi-IN,امریکن سائکולوجی کے فضر مانے ہی ہی ہیں اور ویلیم جیمس پر بودھے کا بیسر ہمیں دفتا ہے چاہی بودھے نے کہاہا کہ آتما نہیں چیتنا کی قپروا ہے ایسٹی مفکنشرسن سے یہ بات جیمس نے میں کہیں,امریکن سائکולوجی کے فضر مانے جاتے ہیں اور ویلیم جیمس پر بودھے کا بیسر ہم دفتا ہے چاکہ بودھے نے کہاہ کی آتما نہیں چیتنا کی قپروا ہے ایسٹی مفکونشیس نے سی یہ بات جیمس نے میں کہیں,0.9344729344729344,0.7894736842105263
dpbp_a7TJzv_1icU_c0020_s000,hi-IN,اب بتے یہ یہ تو آگی آپ کا نیلے میں ایسا ریالیند میں Keb Saidwale Left Saidwale Ali Neummei آگیہ جب یہ Left Saidwale Ali Neummei آگیہ تو یہ اس کو کیا کرے گا نیچے گی را دے گا جس اپ دیکھیں مالی جی یہ مارکہ رہے اور یہ میرے اس پہ ہے تو اس کو چھڑے گیسے نیچے گیر گیاں جاں پہ کیوں کی وال بھی کی در کھول رہے ہیں,"اب بتے یہ یہ تو آگی آپ کا نیلے میں Sorry, Alinda میں keep sidewale, left sidewale Alinda میں آگیا جب یہ left sidewale Alinda میں آگیا تو یہ اس کو کیا کرے گا نیچے گیرا دے گا جہ سے اب دیکھیں نہ, ما لی جہ یہ مارکہ ہے اور یہ میرے اسپے ہے تو اس کو چھڑے ہیں سے نیچے گیر گیاں یہاں پہے",0.5763888888888888,0.583941605839416
a7TJzv_1icU_c0024_s000,hi-IN,اب پھرہ سے آئے گا تو یہاں چاٹھ تھا دیکھے کن کن پھس پھس سیرا ایک ہو بایا آلین دوٹھ ہو بایا نہیں لے ٹینھ تھو اور مہد ہم نہیں چاٹھ ہو تو چاری دھر بھی ہو گیا تو یہ دھیڑھیڑھ کر کے راستہ بھلانہ پڑے گا ہٹ میں کتنے چمر چار ایک دو ٹین چار ایسایڈ میں کتنے والگے دوٹھ ہو ایسایڈ میں بھی دوٹھ ہو تو ہٹ میں کتنے والگ چارم,اب پھرہ سے آئے گا تو یہاں چاٹھ تھا دیکھے کن کن پھس پھس سیرا ایک ہو بایا آلینگ دوٹھ ہو بایا نہیں لے ٹینھ تھو اور مہد ہم نہیں چاٹھ ہو تو چاری دھر بھی ہو گیا تو یہ دھیڑھیڑ کر کے راستہ بھلانہ پڑے گا ہٹ میں کتھ نے چمر چار ایک دو ٹین چار ایساعد میں کتھنا والگے دوٹھ ہو ایساعد میں بھی دوٹھ ہو تو ہٹ میں کتھ نے والگ چارم,0.6558966074313409,0.8918918918918919
a7TJzv_1icU_c0033_s000,hi-IN,یعنی ایک بار میں ایک بار جب ہٹ پمپ ہو آتا کتنا ml TensorFlow ingswhile surrendered ایک میناٹ میں کتنی بار دھہاٹا ہے بہت تربار یعنی ایک میناٹ میں کتنی بلٹ پمپ کر دیا ہوگا ایک بار پمپ کر گہتا صٹھورا ml تو ایک میناٹ میں بہت تربار پمپ کر گگہتا یہاں سے گڑا کر دیجی یہاں ہا جگا نیکل یہ اس کو,یا نی Ilzngому انی ایک البار��다 ایک بار جY، ہواد plum implementation ashi ki تن . اس پμο ی En m Tin 不 De jong pho en s,0.16541353383458646,0.0879120879120879
dpbp_pyVLK891zrE_c0036_s002,hi-IN,"ki, میں, جپرسن پتر پلٹتتا تھا, Kavit, 我 میں, سوسطتا تھا, ki, ھا, Kavit, میں, اس کا ہیسا ہو سکتا, ھا, I'm, and in my life, ھا, I've first thought that, ھا, Kavit, ھا, Kavit, ھا, Kavit, ھا, Kavit, ھا, Kavit, ھا, Kavit, ھا, Kavit, ھا, Kavit, ھا, Kavit, ھا, Kavit, ھا, Kavit, ھا, Kavit, وہ بھی زندگی میں ایتنا روما انچیت کرنے والا اور اتنا خصی دینے والا پرسناپ کے سامنے کبھی سوال آتا ہے جما نے ایک بار ایک پرسن پتر میں دیکھا کہ نم لکھت میں سے اسکت آپ کے لیکھا کون ہے جس کا جواب میں خطا","کہ میں جپرسن پتر پلٹتتا تھا, کہ میں سوستتا تھا, کہ کیا کہ میں اس کا ہیسا ہو سکتا, اور جیبان میں پہلیوار مجھے لگا, کہ پرسن جس سے بھاگتے رہے زندگی بھر, کہ ہے بگوانی آتا نہیں آتا نہیں ہے. وہ بھی زندگی میں ایتنا رومانچیت کرنے والا اور اتنا خوصی دے نی والا پرسن آپ کے سامنے کبھی سوال آتا ہے, جما میں ایک بار ایک پرسن پتر میں دیکھا, کہ نملکت میں سے اس کتاب کے لکھا کون ہیں جس کا جواب میں خطہ",0.293398533007335,0.5052631578947369
a7TJzv_1icU_c0033_s001,hi-IN,آپ دیکھیں کہ یہ کچھ نہ آگa اللہ کا بھاک پاچھ لیٹھا رہے گa یعنی پورے سریر کے بلٹ کو پوم پھونے میں کتنا ٹائم لکتا ہے ایک مینٹ لکتا ہے بہتر بار لکتا ہے اسی لیے داکٹر جو تا ہے نا آپ کے دھڑکوں کو دیکھتا ہے کہ ٹیک اس پیٹھ سے دھڑا کرا ہے کہ نہیں وانا بلٹ کو اکسی جنےٹھ ہونے میں ٹائم لگ گa آیسا مٹ سوچے گa ایک کہی بھاک بلٹ آتا ہے 1.5% 5.5% 5.5% 5.5%,آپ دیکھیں کہ یہ کچھ نہ آگa لگا بہت پாچھ لیٹھا رہے گa یعنی پورے سریر کے بلٹ کو پوم پھونے میں کتنا ٹائم لکتا ہے ایک مینٹ لکتا ہے بہت تربار لکتا ہے اسی لیے داکٹر جو تا ہے آپ کے دھڑکوں کو دیکھتا ہے کہ ٹیک اس پیچھ سے دھڑا کرا ہے کہ نہیں وانا بلٹ کو اکسیجنے ٹھونے میں ٹائم لگ گa آیسا مٹھ سوچھے گa ایک کهی بہت پڑا ہے 1.5% 5.0% 5.0% 5.0%,0.8821752265861027,0.7810650887573964
dpbp_pyVLK891zrE_c0034_s001,hi-IN,", , , , , , ,",diagnosed a,0.0,0.0
a7TJzv_1icU_c0005_s001,hi-IN,"Vanityals and these right ones are the same. Both are the same. In the case of halak, we don't think we are in a hurry to see them. If you make it yourself, then it will be the same. These are the bones that are bones. These are the bones. These are the bones that are very bones. These are the bones that are very bones. These are the bones that are very bones. But, this heart seems to be a lie. When you make a fight or you are forced to make a fight, then it becomes a habit. This is the bones of your bones. अठे ने वीच ने गिच पे दी ती ने ग़ावननच वीच का ऑलाथ भाबदिने खूवावाव़वनचवर मीचलाववनचीचरा बहनईजऄ एक आप करतज полностью �ρίफटल एबचवर ऑजикеिचसे कर वयल आपर भसताँषावनयचव़ी बन्म �utationणावö़स़रणया वस़ी चरे",ویڈیگلس اور یہ رائٹ ویڈیگلس دونوں same بنتے حلکی حالا کہ ہم کو یہ کریف سے دیکھنے میں نہیں لگر ہے کہ same ہوں آپ اپنے ایساپ سے جب بنائیں گے تو same بنائیں یہ جو بایا νیلہ ہوتا یہ موتا ہوتا اس کی جو پراث ہوتی ہے یہ کافی موتی ہوتی ہے اب ہی یہ جو دہینہ νیلہ ہوتا اس کی پراث پتلی ہوتی ہے جیس مگہ سے یہ ہات لگتا ہے کہ جھوکا ہوا ہے تو لڑے جب بناپے نہت் تவی اس کو جھکا دیتے ہیں اس لگر بڑھ ہوا جاتا ہے یہ ہوگی آپ کا نیلے ہے یہ بھی نیلے نیچلہ ہی,0.032,0.024489795918367346
a7TJzv_1icU_c0032_s002,hi-IN,چکی یا پوریسświadiam میں پیمпکںicarڑا ہے اسfurی اس کو جاد यहाझीरा नर पह wird कर जो गार थे चील कारर के उपना के अपसम्व दर जभुटा दाउ खडिया हुजूटा गण हुटर अपना कोटाुटाुटार नहीं हैं वरखहट जरुी स्पही पहीं हैईर लजुटा डञो जरुटा नहींुचुटाुटार बहीं वरो सिपहीं वरनार,"چوکی یا پورے سریر میں پمپ کر رایا, اس نے اس کو جادے سکتی کی ضرورت ہے اور یہ پھے پھڑا کو پمپ کر رایا, پھے پھڑا تو یہی راتا, اس کو کم سکتی کی ضرورت ہے جادے سکتی کی ضرورت کی اس کو ہے لستväنتی کلس یعنی بایا نہیں لے کو اس لیے بایا نہیں لے کی ماں سپیسی here, بہت موچی ہوتی ہے بایا نہیں لے کی ماں سپیسی کی سیجتی, وہ موچی ہوتی ہے تو بایا سیٹ کیا تا, بوڑی پمپی BODY ME POMP CUNNNKAKAM RIDE SIGHT KIA KARTA LONGS POMP CUNNKARTA UKEVAL PHEDE ME BHAJNKAKAM",0.02886002886002886,0.06802721088435375
dpbp_jV4Pzz0Wz0Y_c0034_s001,hi-IN,"انை xpl cable ہے, avayakhe hai, تو پھر kontradiction نہیں ہاں, tekhear, پوری بات کے, कھگی یہ بہت لنبے بھٹھ دے ہیں, پھر بہت سنگشپنے سمجھانا مشکل ہے اور سنگشپ میں آپ کے پرشنگہ جبابی ہے","انگسپلی کے بل ہے, آویہ کے یہ ہے تو پھر کنت اڈکشنس نہیں ہا تکھیہ پوری بات کے کھگی یہ بہت لنبے بود دیںس پھر بہت سنگشپنے سمجھانا مشکل ہے اور سنگشپ میں آپ کے پرشنگہ جبابی ہے",0.7463556851311953,0.6486486486486486
dpbp_pyVLK891zrE_c0041_s001,hi-IN,ہم لوگ جیسے پریویس نہیں دیکھی میرایے پکھر آج مُنگا مُطی اسہ گھر سے جاکھ بابا اکچھا چاوال بھبوٹ اسہ بھستھ لگا کے بھیجا گیا تھا پورے پیکےج میں دلی بھیجا گیا تھا ہم ہوں بھی گیا آپ کو بھی بھیجا جاتا ہوگا آپ بھی پٹن آیا ہوں گے تو اس پورے پیکےج لے کی آیا ہوں گے ہے نا سومبار کو میراے ایک زام بھی ہوتا میری ما تو ہی کہے گے سوبہ اٹھ کے,ہم لوگ جیسے پریویس نہیں دیکھی میرایے پکھر آج مُنگا مُطی اسہ گھر سے جاکھ بابا اکچھا چاوال بھبوٹ اسہ بسی بھتا لگا کے بھیجا گیا تھا پورے پیکے جب دلی بھیجا گیا تھا ہم ہوں بھی گیا آپ کو بھی بھیجا جاتا ہوگا آپ بھی پٹن آیا ہوں گے تو اس پورے پیکے جلے کی آیا ہوں گے ہے نا سومبار کو میراے ایک زام بھی ہوں تو میری ما تو ہی کہیں گے ھاکھیں گے سوواؤٹھ کے نوںڈز دہرا لینا ہے تو نہیں کہیں گے پڑے دال لینا جانے,0.7083333333333334,0.8070175438596492
a7TJzv_1icU_c0023_s009,hi-IN,یہ آپ سمجھ میں آپ بلٹ میں تو ہم آپ کو وہ جب ہوت بٹا ہے تو آپ کو بتا ہے تو ہوت کے اندر چھے ہی سا ہوتا ہے بطل چھیںبر چھا رہتے لیکن چھے جب بلٹ جائے گا کہاں کہاں کہاں دیکھیں تو دائھینا آلین دھ پیلا دائھینا نہیں لے دوسراں آپ پھوس پھوس دھمینی تیسراں تو ایک اور تین تو تو ایدروں تین تو راستہ ہوگا کون کون ساں پھے پھرہ سے آگے تو پھوس پھوس سیراں,"یہ آپ Summa Gya Bladg میں, آپ کو وہ جب ہوت بتا ہے, جب دھم نہیں پڑا رہے تھے, آپ کو بتا ہے, تو ہوت کے اندر چھے ہی سا ہوتا ہے. Bhahtle Chamber 4, لیکن چھے جب ہوت جہے گا, کہاں کہاں دیکھیں تو, Dahina Alind, Paila, Dahina Nile, دوسرا, آپ Fus Fus Dhama Ni, THISRAA, تو ایک اور THIN'T ہو, تو ایدھروں THIN'T ہو رہاں, کون کون سا, پھے پھرہ سے آئے گا تو, Fus Fus Sira,",0.05052005943536404,0.5217391304347826
dpbp_jV4Pzz0Wz0Y_c0004_s000,hi-IN,تارکی کڑوب سے میری خیل سے ایدو نوحی ویکتی گلت فیمی کے شکار ہے,طارکی کڑھڑ سے میری خیل سے ایدھوں ہی ویکتی گلت فیمی کے شکارہ ہیں,0.8709677419354839,0.5714285714285714
a7TJzv_1icU_c0014_s002,hi-IN,یہ ناس پورے سریر میں بلٹ کلے کے جارہ ہے پورے سریر میں اب یہی جرود یہ کی یہ واپس نہ گھر جہا تو دیکھیں یہ واپس گھرے گا تو یہ وہ لبند ہو جہے گا آئی اوپر جہے گا تو یہ وہ لبند ہو جہے گا تو یہ مہا دھمی میں جارہ ہے اسلی اسے کہتے ہیں ایروٹیک وال آئی یہ نیلے میں جارہ ہے اسے کہتے ہیں میں لو بائی کسپیڈ وال اب ایسیں فیگر ایدھر میں بلے گا,"یہ ناس پورے سریر میں بلٹ کل کے جارہ ہے پورے سریر میں اب یہی جرود یہ کہ یہ、 وہا پاس نہ گھر جہا تو دیکھیں یہ, وہا پاس گھرے کہتے یہ, یہ وہا بند ہو جہے گا اب یہ, upa جہے کہتے یہ یہ وہا بند ہو جہے گا اب یہ, مہدھا دھمی میں جارہ ہے اسلی, اسے, کہتے, erotic walt اب یہ, νیلہ میں جارہ ہے اسے, کہتے, امرو بائی کسپید walt اب, ایسے ہی, فیگر, ایسر ہی, بانے گا",0.1187214611872146,0.6257668711656442
jV4Pzz0Wz0Y_c0019_s000,hi-IN,"کیش்ofar نہیں ہیں, ہم மான کے சென்னிட்டின்று کی ہے کیوں کہ மான்னிட்டில்லை, ہمیں மனோவைگேனிக்கு வைதாوتا ہے","کیشفر نہیں ہے, ہم مان کے چلیں گے کی ہے کیوں کہ مان نے سے ہمیں منو وگینک فائدہ ہوتا ہے",0.5604395604395604,0.3103448275862069
pyVLK891zrE_c0006_s000,hi-IN,"کسівí fildme abo. Sanghars kasauru, ek saohta ek sa karr, he nei hai ki harvigti ko artiik sangad hi hoo gaya harvigti korigosaoag, samajik sangad hogaa. Harvigti ko gar ka supporti nahi milе gaya harvigti ko kaiwal, samaj nikaha mai ki ki hi ka krne gaar nejara hai. ye ho saakta ala gaal ho, lekin sanghars ek saohta, ho sa ka tap ek saohta hai.","کسی بھی فیلڈ میں آپ ہوں, Senghars ka saru 1 saohta, 1 saakart یہ نہیں ہے ki Harvakti ko arthik sankat hi ho ga ya harvakti ko Samaajik sankat ho ga ya harvakti ko Ghar ka support nahi milega ya harvakti ko Kaibar samaaji kaha ka ki ki ki ki ki aakarne jara hai یہ hu saktay ala ga lag ho Lekin Senghars 1 saohta, hu ska taap 1 saohta hai",0.13412816691505217,0.3088235294117647
a7TJzv_1icU_c0033_s003,hi-IN,"πολύ Orthopompuうpillsow etc., let us know with atleast what Wich will we will discuss therefore we want to try and with formal knowledge intuition and learning when you learn theierte it is that it is about dai palm itching if kanobi表 I hope you will understand نکش پرٹ میں ہم آپ کو بلٹ کریسر ECGK12 Note Kha la gai jathay اس کے بارے میں سمجھے گے یعنی Hurt K",Thoda Thoda Thoda Thoda Thoda Thoda Thoda Thoda Thoda Thoda Thoda Thoda Thoda Thoda Thoda Thoda Thoda Thoda Thoda Thoda Thoda Thoda Thoda Thoda Thoda Thoda Thoda Thoda Thoda Thoda Thoda Thoda Thoda Thoda Thoda Thoda Thoda Thoda Thoda Thoda Thoda Thoda Thoda Thoda Thoda Thoda Thoda Thoda Thoda Thoda Thoda Thoda Thoda Thoda Thoda Thoda Thoda Thoda Thoda Thoda Thoda Thoda Thoda Thoda Thoda Thoda Thoda Thoda Thoda Thoda Thoda Can you heart keep,0.0075,0.01388888888888889
a7TJzv_1icU_c0032_s001,hi-IN,وہاں کون سا ایسا ہوت کا پات ہے جو بلٹ پھپھرا میں پھیکتا ہے تو دیکھیں رائٹ والا جو پاٹ ہے جیسے یہ بلٹ آیا یہ تو پھپھرا میں پھیک دیا تو رائٹ پاٹ بلٹ کو کھپھپ کرتا ہے پھپھرا میں اور لیفٹ پاٹ جو ہے یہ بلٹ کو کھپھپ کرتا ہے ایرٹا ہے نہیں مہا دم نہیں دورا پورے سریر میں,وہاں کون سے ایسا ہوت کا پات ہے جو بلٹ پھپھرا میں پھیکٹا ہے تو دیکھیں رائٹ والا جو پاٹ ہے رائٹ والا جیسے یہ بلٹ آیا ہے یہ تو پھپھرا میں پھیکٹ دیا تو رائٹ پاٹ بلٹ کو کھا پمپ کرتا ہے پھپھرا میں اور لیفٹ پاٹ جو ہے یہ بلٹ کو کھا پمپ کرتا ہے ایرٹا ہے نہیں مہا دم نہیں دورا پورے سریر میں,0.7121771217712177,0.883720930232558
jV4Pzz0Wz0Y_c0028_s000,hi-IN,اس نے کہ بہم نوویگ جانگ کا پروفیسر بھی ہوں و دیارتے بھی ہوں اور میں ماانتاوں کہ ایشفر کو ماان لینے سے سکون شانتی وینمدتہ زیادہ ہوتی ہے,اُس نے کہ بہم نوویگ جانگ کا پروفیسر بھی ہوں و دیارتے بھی ہوں اور میں مانتاوں کی ایشفر کو مان لینے سے سکون شانتی وینمدتہ زیادہ ہوتی ہے,0.9812734082397003,0.847457627118644
dpbp_pyVLK891zrE_c0012_s000,hi-IN,اور میرے آس پاس دو چار لوگ پہلے یہ کند کر چکے تھے انگسالہ دے لگے جائیے مسٹھوں کے پڑیے چنتانکی جی ہم لو نکل گئے اُس کے بعد میں مخرجی نگر پاہچا اور میں نے یکسی کے تیاری سرو کی,اور میرے آس پاس بھائز دو چار لوگ پہلے یہ کند کر چکے تھے انگسلا دے لگے جائیے مسٹھوں کے پڑیے چنتانا کی جی ہم لو نکل گئے اس کے بعد میں مخرجی نگر پاہوںچا اور میں نے یکسی کے تیاری سرو کی,0.96045197740113,0.8705882352941177
dpbp_jV4Pzz0Wz0Y_c0012_s000,hi-IN,اور جن لوگوں نے اسfair کو سابیت کرنے کی کوشش کی ہے میںگر پرمان پڑھلے ان کیارگومٹس پڑھلے وہ بھی بہت مینگفل ہیں نہیں,اور جن لوگوں نے اشفر کو سابید کرنے گوشش کی ہے منگر پرمان پر لے ان کیارگومنش پر لے وہ بھی بہت مینگفل ہیں نہیں,0.8648648648648649,0.6530612244897959
dpbp_pyVLK891zrE_c0010_s000,hi-IN,ورگر پہلے پانگہ تو بعد میں کر لے نہ لیکن پہنہ انسیہ تیئے گوات منورمہ یعربوگے گوات پہنہ جروض حنہ تو میرہ بھی ہوا ہی تھا میں بھی گھر سے جب بھی ہویا رانچی سنجیوز کولس سے اس کے بعد میں نے پوچھا گھر والے سے کیا انہوں نے کا پوچھنا کیا نکلوں,"و if it was the first time, then we should have done it later but we should have done it later Manoj Mahiyar Bhukh is the first time right? So it was my fault I was also at home when I was a BA after the college of Sanjeev I asked the housekeeper what he asked what he asked",0.003952569169960474,0.0
a7TJzv_1icU_c0031_s001,hi-IN,الیکٹィクカレン جنگرلٹھ ہوتی کنہ سے ہوتی ہے سائنوں اٹریم نوڈ یعنی S-A-Node سے ہوتی ہے جب کبھی یعنی S-A-Node khara بھو جاتا ہے کم نہیں کرتا ہے پہ یہی اس S-A-Node کی جگہ پہ ایک کرنٹ جنگرڈ کرنے والا آٹیٹھیسیل مسین لگا گا جاتا ہے جی سے ہم پیس میں کر کہتے ہیں پیس میں کر تو کوشتاں پوچے گا,"الیکٹィク کرین் generation where it is, where it is, Sino-atrium node or S A node, whenever it is a node, it is not done, so this is the current generation of this node, artificial machine, which we call it paste, then question will be asked.",0.051181102362204724,0.10714285714285714
pyVLK891zrE_c0033_s000,hi-IN,اس نے پھر اپنے پیسے سائیس بھی نمر لیا و پرکسن بنا اور اس کے بعد میری کتاب چھپی اور ایک سال کے بعد اسی گمنام کتاب کو سہی تکادمیوا و آواد ملا,اس نے پھر اپنے پیسے سائیس بھی نمر لیا و پرکسن بنا اور اس کے بعد مری کی طاب چھپی اور ایک سال کے بعد اسی گمنام کی طاب کو سہی تکادمیوا و آواد ملا,0.9679715302491103,0.8823529411764706
a7TJzv_1icU_c0032_s004,hi-IN,اور اپیکς نوکیلے بھاک کریں کہتے اپیکς تو اس کو ہم لو کیا کرتے اپیکς جنو اللی کیا ہوتا ہے کوئی پہاہر جو ہوتا ایسے ہوتا اس کا اپیکς نوپر اب بیس نیچے لیکن ہورٹ میں اولٹا ہے اس کا نوکیلہ بھاگ نیچے تو نیچھلہ کو کیا کرتے ہیں اپیکς اور اوپر والے کو کیا کرتے ہیں لو کہتے ہیں ہورٹ کا اوپر والا بھاگوں گیا بیس ہو گیا سنٹھنا آپ جرہ دھان سے دیکھے گا ہمارے سریر میں لگ بھا پچھ لٹر بلٹھ ہوتا ہے پاس سے سالپیچھ کی لٹر کے بیچ میں ایبرج مانیے پچھ لٹر بلٹھ ہوتا ہے,"uatesızfortیужд minimumуйct 40% 8% 64% 28% 27% 28% 28% 28% 28% 37% 42% 42% 74% 31%, 41% 82% T т",0.07251908396946564,0.0
jV4Pzz0Wz0Y_c0027_s001,hi-IN,"تو فرمے کیا دیکھوں گا, وہ پر اگمٹیک فیلوز فررپ پرگمٹیزم کا مطلب ہے کہ جو بھی آباریٹ روپ سے فیدھم میں ہوسکு مانگگگگگگ","تو فرمے کیا دیکھوں گا, وہ پر اگمٹیک فیلوز فررپ پرگمٹیزم کا مطلب ہے کہ جو بھیہ بھاریٹ روپ سے فیدھے میں ہوتسکو مانیں گے",0.9304347826086956,0.7755102040816326
dpbp_pyVLK891zrE_c0025_s000,hi-IN,اس کے بعد جمع اسے چھپانے نکلا تو مجھے یاد ہے 2014 کے بسکس تک میلا میں مجھے ستائس ٹائس پرکاسوں نے رجیگت کیا کہ ارے بابو ابھی پکو,اس کے بعد جمع اسے چھپانے نکла تو مجھے یاد ہے 2400-2400 کے بیسوپ اس تگمیلہ میں مجھے 2700-2800 پرکاسوں کو نے رجاجت کیا کہ ارے بابو ابھی پکو,0.8257575757575758,0.7
dpbp_a7TJzv_1icU_c0016_s000,hi-IN,وینا کوا وینا کوا کم کیا کرتے ہیں Sorry محاسیرا وینا کوا کو کیا کریں محاسیرا یہ سریر سے بلٹ کو لیکر آتا ہے اور یہ کیا کرتا ہے یہ,"وینا, کوا, وینا, کوا, کم کیا کرتے ہیں? Sorry, محاسیра, وینا, کوا کو کیا کریں? محاسیра, یہ سریر سے بلٹ کو لے کر آتا ہے اور یہ کیا کرتا ہے, یہ",0.9571984435797666,0.8852459016393444
dpbp_pyVLK891zrE_c0020_s000,hi-IN,"لیکن وہ کவیتای نہیں تھیں, وہ کبھیل میری رچی تھیں, وہ پھال توچی یہ تھیں, جس کا کوئی ارθ نہیں تھا لیکن میں اپنا مول جب بھننا تھا, وہ تب میں نے دھنڈا جب میرا یوپسی کا اٹمت ختم ہو گیا",لیکن وہ کவیتای نہیں تھی وہ کبھیل میری رچی تھی وہ پھال توچی یہ تھی جس کا کوئی ارھتھ نہیں تھا لیکن مجھے اپنا مول جب بھننا تھا وہ تب میں نے دھنڈا جب میرا یو پیسی کا اٹمت ختم ہو گیا,0.9602272727272727,0.8433734939759037
a7TJzv_1icU_c0031_s000,hi-IN,یہ جو دہینہ علیند ہے جہاں سے محسیرہ گلڈ کو انٹری مارے یہ یہاں پر ایک مسل پائے جاتا ہے جیتے سائنو اٹریم اسے نوڈ والگ نہیں سائنو اٹریم نوڈ اسے نوڈ یہ ایلیکٹریمٹ کرنٹ جنڈ کرتا ہے اور یہی ایلیکٹریمٹ کرنٹ جنڈ کرتا ہے جسے کی ہوت کیا کرتا ہے ایک طرح سے پمپ کرتا ہے تو ہات کو پمپکھگنے کے لیے جو,یہ جو دہینہ علینڈ ہے جہاں سے محاصیرہ گلڑ کو انٹری مارے ہیں یہاں پر ایک مسل پائے جاتا ہے جیہتے Sinoatrium S-A-Node WALG نہیں Sinoatrium Node S-A-Node یہ ایلیکٹری کرنٹ جنڈریٹ کرتا ہے اور یہی ایلیکٹری کرنٹ جنڈریٹ کرتا ہے جسے کی ہوت کیا کرتا ہے ایک طرح سے پمپ کرتا ہے आपाद को पपादने कि आछो,0.3257443082311734,0.6031746031746031
pyVLK891zrE_c0032_s000,hi-IN,"யா, یா, ஓi, prenum-nul-nul, Mellikhaq, Banna-chath-o-yap, Povlisar, Banna-chath-o-yap, Ussate, Yapna-o- Khoja-o-ya-mai-ni-vibna-o-ya-mul, Yatra, Mellikhaq, Mellikhaq, Povlisar, Mellikhaq, Povlisar, Povlisar, Ussate, Yapna-o-ya-mul, Khoja-o-ya-mai-ni-vibna-o-ya-mul, Yatra, Yapna-o-ya-mai-ni-vibna-o-ya-mul, لیکن میرا سنگر سی ہے تھا کہ میں بطور لکھاک بٹک رہوں کوئی مجھے مانیتا دینگلی پیار نہیں ہے","யா, யா, ஓi, you've got me? I want to become a Likha, I want to become a publisher He also has got his own rule, I don't have his rule Yatra, there is no need to be victim here I was never hungry for the food, I was not hungry I used to eat the food in the past But my song was that I am getting a bat or Likha I don't want anyone to accept me",0.037037037037037035,0.03773584905660377
a7TJzv_1icU_c0023_s001,hi-IN,کیا یہ پھوسپوس کا وال بھیک کی ایروتا کہ ہے ایروتا کہا ہے پھر اسے ہم کہتے ایروتیک والگ ایروتیک وال یہ ایروتا یعنی مہا دھمی آپ یات کیری اسے پہلے والا توپی مہا دھمی کے بعد دھمی چھوٹی دھمی اور اس کے بعد کیا تھے کیسی کا کیسی کا جب اچھوٹی سیرا سیرا مہا سیرا مہا سیرا کو کیا کہا کہا تھا بھینا کہا,کیا یہ پھوسپوس کا وال بھیک کی ایروتا کہ ہے ایروتا کہا ہے پہ اسے ہم کہتے ایروتیک وال ایروتیک وال آئی ایروتا یعنی مہا دھمی آپ یات کی ریسے پہلے والا توپی مہا دھمی کے بعد دھمی چھوٹی دھمی اوش کے بعد کیا تھی کیسی کا کیسی کا جب اچھوٹی سیرا سیرا مہا سیرا مہا سیرا کو کیا کہا کہا تھا بھینا کاوہ,0.8222996515679443,0.8682170542635659
a7TJzv_1icU_c0000_s006,hi-IN,استندھاری جس میں مانو ہاتے ہیں پک چی یعنی ابیز یعنی میمانس اور ابیز اس میں ہوت کتنے چیمبرکہ ہوتا ہے چار چیمبرکہ اپر چیمبر لور چیمبر اپر چیمبرکہ کیا کہتے اٹریم یعنی الیند کتھا الیندو داہینا الیند بایا الیند یعنی رائٹ اٹریم لفٹ اٹریم,"hastaUNDARI جسم میں Mahanawate, PAKCHI, ABEEZ, MEMONS & ABEEZ, HOT KITNES CHEMBER KAUTA, CHAR CHEMBER KAUTA, APAR CHEMBER, LOWER CHEMBER, APAR CHEMBER KAUTA, ATRIUM, KETHOLIN, DO, DAHINA, BAYA, RIGHT, ATRIUM, LEFT, ATRIUM.",0.03695150115473441,0.02631578947368421
pyVLK891zrE_c0032_s001,hi-IN,Sosal Media اس waktu me re liye bhaot kar ghar saabet hua woh lalakao me douno CP me Kanat Ples Rivoli cinema ke bhaag liye Mahanwan Mantir ke paas mile me na uska haka haku ruhu usne kaam usne ki abha ISPN naman nao woh me nagallu ka paise haam bhaag hami nahi dhaag hai,"سو சل میڈیا اس بکمےował بہت بہت کار کار سابیں تھے تھا. وہ لڑھا اور میں, Dono CP میں, Kanat Place Revoly cinema ke bagali mein Hanwan Manjit ke Paz mili میں نے اس کہا کہا گرو اس نے کہاں اسے یہ اب ISMN nummerlenا ہوگا میں نے گلو کہاں پڑھا ہم بھجھا ہم نہیں دیں گے",0.06818181818181818,0.10714285714285714
a7TJzv_1icU_c0024_s001,hi-IN,یہ مہدھم نہیں ایروتا کی اور جا رہا ہے تو ایروتیک والب آئے نیلے کی اور خل رہا ہے تو یہ سے کہتے ہیں بائی کسپیک آئی سے کہتے ہیں try-co-speed IL fuz fuz ki orya رہی اس لئے پل منری واؤ رہا سنو او والبقو بھی سامل کی جی آپ دیکھے کتنا کنسپٹ کی لیر ہوئا,یہ مہدھم نہیں ایروتا کی اور جا رہا ہے تو ایروتیک والب آئے نیلے کی اور خل رہا ہے تو یہ سے کہتے ہیں بائی کسپیک آئی سے کہتے ہیں try-co-speed IL fuz fuz ki orya رہی اس لے پل منری واظ رہا سنہا ہے او والبقو بھی سامل کی جی آپ دیکھے کتنا کنسب کی لئے رہا,0.8997955010224948,0.9075630252100839
pyVLK891zrE_c0026_s000,hi-IN,پکنے اور تپنے میں انتر ہے ہم صفضابالیوں کے حر فر میں کئیوار جندگی کا راستہ دوروضر کر دے میں جہ پتا چل گیا ہی پکنہ نہیں تپنہ ہے جو تپے گا وہ دمکے گا وہ چھمکے گا اور جو پکے گا وہ چوص لیا جا گا جس لیکن تپنے پر دھانڈی جے گا اور سندھرس میں جو کتاب ہوتا ہے وہ آپ کو تپاتا ہے,پکنے اور تپنے میں انتر ہے ہم سفدہ والیوں کے حیر فیر میں کئیوار جندگی کا راستہ دوروضر کر دے میں جہ پتا چل گیا ہی پکنہ نہیں تپنہ ہے جو تپے گا وہ دمکے گا وہ چمکے گا اور جو پکے گا وہ چوص لیا جا گا جس لیکن تپنے پر دھانڈی جے گا اور سندھرس میں جو کتاب ہوتا ہے وہ آپ کو تپاتا ہے,0.21561338289962825,0.9323308270676692
dpbp_a7TJzv_1icU_c0003_s000,hi-IN,Left side & left side & left side & left side & right side & left side & left side & left side & left side & left side & left side & left side & left side & left side & left side & left side & left side & left side & left side & left side & left side & left side & left side & left side & left side & left side & left side & left side & left side & left side & left side & left side & left side & left side & left side & left side & left side & left side & left side & left side & left side & right side & left side & left side & left side & left side & left side & left side & left side & left side & left side & left side & left side & left side & left side & left side & left side & left side & left side & left side & left side & left side & left side & left side & left side & left side & left side & left side & left side & left side & left side & left side & left side & left side & left,"Left side facing facing, picking up the statue itself Here is the left side facing facing And this leg facing further on the left side",0.08191126279863481,0.06896551724137931
pyVLK891zrE_c0002_s000,hi-IN,Tadex's pattern is that there is a person who has achieved something in his life. He can be with you and tell you how he has achieved this goal after his studies.,"Tadex's paterniyayi ki, here he vakti ayat hai Jisnepne jeevan mein, jo kuch bhi thoda bhaod haasil ki ayah hai Vapni yatra, haapke saad saadha kar sake aur bata saakhe ki, wo kis kis padao ke baad kasi kasi yatra kar ke Is mansta ke ayah hai",0.07035175879396985,0.09876543209876543
